f_kHz,Pin_W,Pout_W,Qin_var,S_VA,FP,Eff_pct
45,626.465472303803,613.726127486324,-282.428903698914,687.18634563952,0.911638416972317,97.9664729533088
50,508.077170163102,499.976719957371,-6.12601297185357e-14,508.077170163102,1,98.405665382853
55,483.935702601275,476.366396112899,59.1672863261112,487.539262032696,0.992608678496176,98.43588591466
